{
  "attribute": {
    "precision": 0.825,
    "recall": 0.7021276595744681,
    "f1-score": 0.7586206896551724,
    "support": 47,
    "confused_with": {
      "penyakit": 1
    }
  },
  "obat": {
    "precision": 0.0,
    "recall": 0.0,
    "f1-score": 0.0,
    "support": 3,
    "confused_with": {
      "lagu_lagu": 1
    }
  },
  "jadwal": {
    "precision": 1.0,
    "recall": 1.0,
    "f1-score": 1.0,
    "support": 2,
    "confused_with": {}
  },
  "jenis": {
    "precision": 0.0,
    "recall": 0.0,
    "f1-score": 0.0,
    "support": 2,
    "confused_with": {
      "attribute": 1
    }
  },
  "mention": {
    "precision": 0.7777777777777778,
    "recall": 0.7,
    "f1-score": 0.7368421052631577,
    "support": 10,
    "confused_with": {}
  },
  "pengajian": {
    "precision": 1.0,
    "recall": 0.8,
    "f1-score": 0.888888888888889,
    "support": 10,
    "confused_with": {
      "attribute": 1
    }
  },
  "lagu_lagu": {
    "precision": 0.9069767441860465,
    "recall": 0.9069767441860465,
    "f1-score": 0.9069767441860465,
    "support": 43,
    "confused_with": {}
  },
  "solat": {
    "precision": 0.6666666666666666,
    "recall": 0.3333333333333333,
    "f1-score": 0.4444444444444444,
    "support": 6,
    "confused_with": {}
  },
  "penyakit": {
    "precision": 0.8888888888888888,
    "recall": 1.0,
    "f1-score": 0.9411764705882353,
    "support": 8,
    "confused_with": {}
  },
  "object_type": {
    "precision": 0.7368421052631579,
    "recall": 0.6086956521739131,
    "f1-score": 0.6666666666666666,
    "support": 23,
    "confused_with": {}
  },
  "micro avg": {
    "precision": 0.849624060150376,
    "recall": 0.7337662337662337,
    "f1-score": 0.7874564459930312,
    "support": 154
  },
  "macro avg": {
    "precision": 0.6802152182782537,
    "recall": 0.6051133389267761,
    "f1-score": 0.6343616009692613,
    "support": 154
  },
  "weighted avg": {
    "precision": 0.8156575149996202,
    "recall": 0.7337662337662337,
    "f1-score": 0.7691032085715549,
    "support": 154
  },
  "accuracy": 0.8502673796791443
}